trace_set,is_anomalous,class,fault_category,fault_name,workload,severity,delay_ms,tier,n_traces,notes
AN_Data_corruptBlk_r_00FDN_30C_1to19B_0to120INT_15RT_5WT.sql,True,AN,Data,corruptBlk,r,0,,3,345,
AN_Data_corruptBlk_r_01FDN_30C_1to19B_0to120INT_15RT_5WT.sql,True,AN,Data,corruptBlk,r,1,,3,343,
AN_Data_corruptBlk_r_02FDN_30C_1to19B_0to120INT_15RT_5WT.sql,True,AN,Data,corruptBlk,r,2,,3,309,
AN_Data_corruptBlk_r_03FDN_30C_1to19B_0to120INT_15RT_5WT.sql,True,AN,Data,corruptBlk,r,3,,3,330,
AN_Data_corruptBlk_r_04FDN_30C_1to19B_0to120INT_15RT_5WT.sql,True,AN,Data,corruptBlk,r,4,,3,332,
AN_Data_corruptBlk_r_05FDN_30C_1to19B_0to120INT_15RT_5WT.sql,True,AN,Data,corruptBlk,r,5,,3,324,
AN_Data_corruptBlk_r_10FDN_30C_1to19B_0to120INT_15RT_5WT.sql,True,AN,Data,corruptBlk,r,10,,3,327,
AN_Data_corruptBlk_r_15FDN_30C_1to19B_0to120INT_15RT_5WT.sql,True,AN,Data,corruptBlk,r,15,,3,346,
AN_Data_corruptBlk_r_20FDN_30C_1to19B_0to120INT_15RT_5WT.sql,True,AN,Data,corruptBlk,r,20,,3,362,
AN_Data_corruptBlk_r_25FDN_30C_1to19B_0to120INT_15RT_5WT.sql,True,AN,Data,corruptBlk,r,25,,3,381,
AN_Data_corruptBlk_r_30FDN_30C_1to19B_0to120INT_15RT_5WT.sql,True,AN,Data,corruptBlk,r,30,,3,385,
AN_Data_corruptBlk_r_35FDN_30C_1to19B_0to120INT_15RT_5WT.sql,True,AN,Data,corruptBlk,r,35,,3,388,
AN_Data_corruptBlk_r_40FDN_30C_1to19B_0to120INT_15RT_5WT.sql,True,AN,Data,corruptBlk,r,40,,3,394,
AN_Data_corruptBlk_r_45FDN_30C_1to19B_0to120INT_15RT_5WT.sql,True,AN,Data,corruptBlk,r,45,,3,382,
AN_Data_corruptBlk_r_50FDN_30C_1to19B_0to120INT_15RT_5WT.sql,True,AN,Data,corruptBlk,r,50,,3,406,
AN_Data_corruptMeta_r_00FDN_30C_1to19B_0to120INT_15RT_5WT.sql,True,AN,Data,corruptMeta,r,0,,3,354,
AN_Data_corruptMeta_r_01FDN_30C_1to19B_0to120INT_15RT_5WT.sql,True,AN,Data,corruptMeta,r,1,,3,329,
AN_Data_corruptMeta_r_02FDN_30C_1to19B_0to120INT_15RT_5WT.sql,True,AN,Data,corruptMeta,r,2,,3,338,
AN_Data_corruptMeta_r_03FDN_30C_1to19B_0to120INT_15RT_5WT.sql,True,AN,Data,corruptMeta,r,3,,3,335,
AN_Data_corruptMeta_r_04FDN_30C_1to19B_0to120INT_15RT_5WT.sql,True,AN,Data,corruptMeta,r,4,,3,330,
AN_Data_corruptMeta_r_05FDN_30C_1to19B_0to120INT_15RT_5WT.sql,True,AN,Data,corruptMeta,r,5,,3,340,
AN_Data_corruptMeta_r_10FDN_30C_1to19B_0to120INT_15RT_5WT.sql,True,AN,Data,corruptMeta,r,10,,3,320,
AN_Data_corruptMeta_r_15FDN_30C_1to19B_0to120INT_15RT_5WT.sql,True,AN,Data,corruptMeta,r,15,,3,333,
AN_Data_corruptMeta_r_20FDN_30C_1to19B_0to120INT_15RT_5WT.sql,True,AN,Data,corruptMeta,r,20,,3,351,
AN_Data_corruptMeta_r_25FDN_30C_1to19B_0to120INT_15RT_5WT.sql,True,AN,Data,corruptMeta,r,25,,3,359,
AN_Data_corruptMeta_r_30FDN_30C_1to19B_0to120INT_15RT_5WT.sql,True,AN,Data,corruptMeta,r,30,,3,377,
AN_Data_corruptMeta_r_35FDN_30C_1to19B_0to120INT_15RT_5WT.sql,True,AN,Data,corruptMeta,r,35,,3,367,
AN_Data_corruptMeta_r_40FDN_30C_1to19B_0to120INT_15RT_5WT.sql,True,AN,Data,corruptMeta,r,40,,3,363,
AN_Data_corruptMeta_r_45FDN_30C_1to19B_0to120INT_15RT_5WT.sql,True,AN,Data,corruptMeta,r,45,,3,398,
AN_Data_corruptMeta_r_50FDN_30C_1to19B_0to120INT_15RT_5WT.sql,True,AN,Data,corruptMeta,r,50,,3,391,
AN_Data_cutBlk_r_01FDN_30C_1to19B_0to120INT_15RT_5WT.sql,True,AN,Data,cutBlk,r,1,,3,339,
AN_Data_cutBlk_r_02FDN_30C_1to19B_0to120INT_15RT_5WT.sql,True,AN,Data,cutBlk,r,2,,3,330,
AN_Data_cutBlk_r_03FDN_30C_1to19B_0to120INT_15RT_5WT.sql,True,AN,Data,cutBlk,r,3,,3,337,
AN_Data_cutBlk_r_04FDN_30C_1to19B_0to120INT_15RT_5WT.sql,True,AN,Data,cutBlk,r,4,,3,330,
AN_Data_cutBlk_r_05FDN_30C_1to19B_0to120INT_15RT_5WT.sql,True,AN,Data,cutBlk,r,5,,3,339,
AN_Data_cutBlk_r_10FDN_30C_1to19B_0to120INT_15RT_5WT.sql,True,AN,Data,cutBlk,r,10,,3,350,
AN_Data_cutBlk_r_15FDN_30C_1to19B_0to120INT_15RT_5WT.sql,True,AN,Data,cutBlk,r,15,,3,337,
AN_Data_cutBlk_r_20FDN_30C_1to19B_0to120INT_15RT_5WT.sql,True,AN,Data,cutBlk,r,20,,3,354,
AN_Data_cutBlk_r_25FDN_30C_1to19B_0to120INT_15RT_5WT.sql,True,AN,Data,cutBlk,r,25,,3,357,
AN_Data_cutBlk_r_30FDN_30C_1to19B_0to120INT_15RT_5WT.sql,True,AN,Data,cutBlk,r,30,,3,378,
AN_Data_cutBlk_r_35FDN_30C_1to19B_0to120INT_15RT_5WT.sql,True,AN,Data,cutBlk,r,35,,3,394,
AN_Data_cutBlk_r_40FDN_30C_1to19B_0to120INT_15RT_5WT.sql,True,AN,Data,cutBlk,r,40,,3,380,
AN_Data_cutBlk_r_45FDN_30C_1to19B_0to120INT_15RT_5WT.sql,True,AN,Data,cutBlk,r,45,,3,380,
AN_Data_cutBlk_r_50FDN_30C_1to19B_0to120INT_15RT_5WT.sql,True,AN,Data,cutBlk,r,50,,3,377,
AN_Data_cutMeta_r_01FDN_30C_1to19B_0to120INT_15RT_5WT.sql,True,AN,Data,cutMeta,r,1,,3,355,
AN_Data_cutMeta_r_02FDN_30C_1to19B_0to120INT_15RT_5WT.sql,True,AN,Data,cutMeta,r,2,,3,336,
AN_Data_cutMeta_r_03FDN_30C_1to19B_0to120INT_15RT_5WT.sql,True,AN,Data,cutMeta,r,3,,3,337,
AN_Data_cutMeta_r_04FDN_30C_1to19B_0to120INT_15RT_5WT.sql,True,AN,Data,cutMeta,r,4,,3,345,
AN_Data_cutMeta_r_05FDN_30C_1to19B_0to120INT_15RT_5WT.sql,True,AN,Data,cutMeta,r,5,,3,331,
AN_Data_cutMeta_r_10FDN_30C_1to19B_0to120INT_15RT_5WT.sql,True,AN,Data,cutMeta,r,10,,3,350,
AN_Data_cutMeta_r_15FDN_30C_1to19B_0to120INT_15RT_5WT.sql,True,AN,Data,cutMeta,r,15,,3,333,
AN_Data_cutMeta_r_20FDN_30C_1to19B_0to120INT_15RT_5WT.sql,True,AN,Data,cutMeta,r,20,,3,360,
AN_Data_cutMeta_r_25FDN_30C_1to19B_0to120INT_15RT_5WT.sql,True,AN,Data,cutMeta,r,25,,3,365,
AN_Data_cutMeta_r_30FDN_30C_1to19B_0to120INT_15RT_5WT.sql,True,AN,Data,cutMeta,r,30,,3,386,
AN_Data_cutMeta_r_35FDN_30C_1to19B_0to120INT_15RT_5WT.sql,True,AN,Data,cutMeta,r,35,,3,382,
AN_Data_cutMeta_r_40FDN_30C_1to19B_0to120INT_15RT_5WT.sql,True,AN,Data,cutMeta,r,40,,3,377,
AN_Data_cutMeta_r_45FDN_30C_1to19B_0to120INT_15RT_5WT.sql,True,AN,Data,cutMeta,r,45,,3,369,
AN_Data_cutMeta_r_50FDN_30C_1to19B_0to120INT_15RT_5WT.sql,True,AN,Data,cutMeta,r,50,,3,394,
AN_Data_lossBlk_r_01FDN_30C_1to19B_0to120INT_15RT_5WT.sql,True,AN,Data,lossBlk,r,1,,3,333,
AN_Data_lossBlk_r_02FDN_30C_1to19B_0to120INT_15RT_5WT.sql,True,AN,Data,lossBlk,r,2,,3,311,
AN_Data_lossBlk_r_03FDN_30C_1to19B_0to120INT_15RT_5WT.sql,True,AN,Data,lossBlk,r,3,,3,345,
AN_Data_lossBlk_r_04FDN_30C_1to19B_0to120INT_15RT_5WT.sql,True,AN,Data,lossBlk,r,4,,3,353,
AN_Data_lossBlk_r_05FDN_30C_1to19B_0to120INT_15RT_5WT.sql,True,AN,Data,lossBlk,r,5,,3,354,
AN_Data_lossBlk_r_10FDN_30C_1to19B_0to120INT_15RT_5WT.sql,True,AN,Data,lossBlk,r,10,,3,325,
AN_Data_lossBlk_r_15FDN_30C_1to19B_0to120INT_15RT_5WT.sql,True,AN,Data,lossBlk,r,15,,3,343,
AN_Data_lossBlk_r_20FDN_30C_1to19B_0to120INT_15RT_5WT.sql,True,AN,Data,lossBlk,r,20,,3,359,
AN_Data_lossBlk_r_25FDN_30C_1to19B_0to120INT_15RT_5WT.sql,True,AN,Data,lossBlk,r,25,,3,377,
AN_Data_lossBlk_r_30FDN_30C_1to19B_0to120INT_15RT_5WT.sql,True,AN,Data,lossBlk,r,30,,3,365,
AN_Data_lossBlk_r_35FDN_30C_1to19B_0to120INT_15RT_5WT.sql,True,AN,Data,lossBlk,r,35,,3,364,
AN_Data_lossBlk_r_40FDN_30C_1to19B_0to120INT_15RT_5WT.sql,True,AN,Data,lossBlk,r,40,,3,372,
AN_Data_lossBlk_r_45FDN_30C_1to19B_0to120INT_15RT_5WT.sql,True,AN,Data,lossBlk,r,45,,3,362,
AN_Data_lossBlk_r_50FDN_30C_1to19B_0to120INT_15RT_5WT.sql,True,AN,Data,lossBlk,r,50,,3,357,
AN_Data_lossMeta_r_01FDN_30C_1to19B_0to120INT_15RT_5WT.sql,True,AN,Data,lossMeta,r,1,,3,345,
AN_Data_lossMeta_r_02FDN_30C_1to19B_0to120INT_15RT_5WT.sql,True,AN,Data,lossMeta,r,2,,3,337,
AN_Data_lossMeta_r_03FDN_30C_1to19B_0to120INT_15RT_5WT.sql,True,AN,Data,lossMeta,r,3,,3,343,
AN_Data_lossMeta_r_04FDN_30C_1to19B_0to120INT_15RT_5WT.sql,True,AN,Data,lossMeta,r,4,,3,342,
AN_Data_lossMeta_r_05FDN_30C_1to19B_0to120INT_15RT_5WT.sql,True,AN,Data,lossMeta,r,5,,3,341,
AN_Data_lossMeta_r_10FDN_30C_1to19B_0to120INT_15RT_5WT.sql,True,AN,Data,lossMeta,r,10,,3,331,
AN_Data_lossMeta_r_15FDN_30C_1to19B_0to120INT_15RT_5WT.sql,True,AN,Data,lossMeta,r,15,,3,344,
AN_Data_lossMeta_r_20FDN_30C_1to19B_0to120INT_15RT_5WT.sql,True,AN,Data,lossMeta,r,20,,3,343,
AN_Data_lossMeta_r_25FDN_30C_1to19B_0to120INT_15RT_5WT.sql,True,AN,Data,lossMeta,r,25,,3,347,
AN_Data_lossMeta_r_30FDN_30C_1to19B_0to120INT_15RT_5WT.sql,True,AN,Data,lossMeta,r,30,,3,335,
AN_Data_lossMeta_r_35FDN_30C_1to19B_0to120INT_15RT_5WT.sql,True,AN,Data,lossMeta,r,35,,3,326,
AN_Data_lossMeta_r_40FDN_30C_1to19B_0to120INT_15RT_5WT.sql,True,AN,Data,lossMeta,r,40,,3,349,
AN_Data_lossMeta_r_45FDN_30C_1to19B_0to120INT_15RT_5WT.sql,True,AN,Data,lossMeta,r,45,,3,344,
AN_Data_lossMeta_r_50FDN_30C_1to19B_0to120INT_15RT_5WT.sql,True,AN,Data,lossMeta,r,50,,3,362,
AN_Net_disconnectDN_r_01FDN_30xC_1to19B_0to120INT_15RT_5WT.sql,True,AN,Net,disconnectDN,r,1,,2,337,
AN_Net_disconnectDN_r_02FDN_30C_1to19B_0to120INT_15RT_5WT.sql,True,AN,Net,disconnectDN,r,2,,2,323,
AN_Net_disconnectDN_r_03FDN_30C_1to19B_0to120INT_15RT_5WT.sql,True,AN,Net,disconnectDN,r,3,,2,326,
AN_Net_disconnectDN_r_04FDN_30C_1to19B_0to120INT_15RT_5WT.sql,True,AN,Net,disconnectDN,r,4,,2,324,
AN_Net_disconnectDN_r_05FDN_30C_1to19B_0to120INT_15RT_5WT.sql,True,AN,Net,disconnectDN,r,5,,2,327,
AN_Net_disconnectDN_r_10FDN_30C_1to19B_0to120INT_15RT_5WT.sql,True,AN,Net,disconnectDN,r,10,,2,320,
AN_Net_disconnectDN_r_15FDN_30C_1to19B_0to120INT_15RT_5WT.sql,True,AN,Net,disconnectDN,r,15,,2,299,
AN_Net_disconnectDN_r_20FDN_30C_1to19B_0to120INT_15RT_5WT.sql,True,AN,Net,disconnectDN,r,20,,2,296,
AN_Net_disconnectDN_r_25FDN_30C_1to19B_0to120INT_15RT_5WT.sql,True,AN,Net,disconnectDN,r,25,,2,276,
AN_Net_disconnectDN_r_30FDN_30C_1to19B_0to120INT_15RT_5WT.sql,True,AN,Net,disconnectDN,r,30,,2,266,
AN_Net_disconnectDN_r_35FDN_30C_1to19B_0to120INT_15RT_5WT.sql,True,AN,Net,disconnectDN,r,35,,2,274,
AN_Net_disconnectDN_r_40FDN_30C_1to19B_0to120INT_15RT_5WT.sql,True,AN,Net,disconnectDN,r,40,,2,272,
AN_Net_disconnectDN_r_45FDN_30C_1to19B_0to120INT_15RT_5WT.sql,True,AN,Net,disconnectDN,r,45,,2,275,
AN_Net_disconnectDN_r_50FDN_30C_1to19B_0to120INT_15RT_5WT.sql,True,AN,Net,disconnectDN,r,50,,2,263,
AN_Net_disconnectDN_w_01FDN_30C_1to19B_0to600INT_15RT_5WT.sql,True,AN,Net,disconnectDN,w,1,,2,63,
AN_Net_disconnectDN_w_02FDN_30C_1to19B_0to600INT_15RT_5WT.sql,True,AN,Net,disconnectDN,w,2,,2,77,
AN_Net_disconnectDN_w_03FDN_30C_1to19B_0to600INT_15RT_5WT.sql,True,AN,Net,disconnectDN,w,3,,2,73,
AN_Net_disconnectDN_w_04FDN_30C_1to19B_0to600INT_15RT_5WT.sql,True,AN,Net,disconnectDN,w,4,,2,75,
AN_Net_disconnectDN_w_05FDN_30C_1to19B_0to600INT_15RT_5WT.sql,True,AN,Net,disconnectDN,w,5,,2,71,
AN_Net_disconnectDN_w_10FDN_30C_1to19B_0to600INT_15RT_5WT.sql,True,AN,Net,disconnectDN,w,10,,2,69,
AN_Net_disconnectDN_w_15FDN_30C_1to19B_0to600INT_15RT_5WT.sql,True,AN,Net,disconnectDN,w,15,,2,67,
AN_Net_disconnectDN_w_20FDN_30C_1to19B_0to600INT_15RT_5WT.sql,True,AN,Net,disconnectDN,w,20,,2,69,
AN_Net_disconnectDN_w_25FDN_30C_1to19B_0to600INT_15RT_5WT.sql,True,AN,Net,disconnectDN,w,25,,2,79,
AN_Net_disconnectDN_w_30FDN_30C_1to19B_0to600INT_15RT_5WT.sql,True,AN,Net,disconnectDN,w,30,,2,75,
AN_Net_disconnectDN_w_35FDN_30C_1to19B_0to600INT_15RT_5WT.sql,True,AN,Net,disconnectDN,w,35,,2,64,
AN_Net_disconnectDN_w_40FDN_30C_1to19B_0to600INT_15RT_5WT.sql,True,AN,Net,disconnectDN,w,40,,2,76,
AN_Net_disconnectDN_w_45FDN_30C_1to19B_0to600INT_15RT_5WT.sql,True,AN,Net,disconnectDN,w,45,,2,77,
AN_Net_disconnectDN_w_50FDN_30C_1to19B_0to600INT_15RT_5WT.sql,True,AN,Net,disconnectDN,w,50,,2,76,
AN_Net_slowDN_r_100ms_01FDN_30C_1to19B_0to120INT_15RT_5WT.sql,True,AN,Net,slowDN,r,1,100,2,290,
AN_Net_slowDN_r_100ms_02FDN_30C_1to19B_0to120INT_15RT_5WT.sql,True,AN,Net,slowDN,r,2,100,2,323,
AN_Net_slowDN_r_100ms_03FDN_30C_1to19B_0to120INT_15RT_5WT.sql,True,AN,Net,slowDN,r,3,100,2,315,
AN_Net_slowDN_r_100ms_04FDN_30C_1to19B_0to120INT_15RT_5WT.sql,True,AN,Net,slowDN,r,4,100,2,301,
AN_Net_slowDN_r_100ms_05FDN_30C_1to19B_0to120INT_15RT_5WT.sql,True,AN,Net,slowDN,r,5,100,2,293,
AN_Net_slowDN_r_100ms_10FDN_30C_1to19B_0to120INT_15RT_5WT.sql,True,AN,Net,slowDN,r,10,100,2,287,
AN_Net_slowDN_r_100ms_15FDN_30C_1to19B_0to120INT_15RT_5WT.sql,True,AN,Net,slowDN,r,15,100,2,256,
AN_Net_slowDN_r_100ms_20FDN_30C_1to19B_0to120INT_15RT_5WT.sql,True,AN,Net,slowDN,r,20,100,2,243,
AN_Net_slowDN_r_100ms_25FDN_30C_1to19B_0to120INT_15RT_5WT.sql,True,AN,Net,slowDN,r,25,100,2,232,
AN_Net_slowDN_r_100ms_30FDN_30C_1to19B_0to120INT_15RT_5WT.sql,True,AN,Net,slowDN,r,30,100,2,222,
AN_Net_slowDN_r_100ms_35FDN_30C_1to19B_0to120INT_15RT_5WT.sql,True,AN,Net,slowDN,r,35,100,2,211,
AN_Net_slowDN_r_100ms_40FDN_30C_1to19B_0to120INT_15RT_5WT.sql,True,AN,Net,slowDN,r,40,100,2,197,
AN_Net_slowDN_r_100ms_45FDN_30C_1to19B_0to120INT_15RT_5WT.sql,True,AN,Net,slowDN,r,45,100,2,186,
AN_Net_slowDN_r_100ms_50FDN_30C_1to19B_0to120INT_15RT_5WT.sql,True,AN,Net,slowDN,r,50,100,2,185,
AN_Net_slowDN_w_20ms_01FDN_30C_1to19B_0to600INT_15RT_5WT.sql,True,AN,Net,slowDN,w,1,20,2,75,
AN_Net_slowDN_w_20ms_02FDN_30C_1to19B_0to600INT_15RT_5WT.sql,True,AN,Net,slowDN,w,2,20,2,69,
AN_Net_slowDN_w_20ms_03FDN_30C_1to19B_0to600INT_15RT_5WT.sql,True,AN,Net,slowDN,w,3,20,2,73,
AN_Net_slowDN_w_20ms_04FDN_30C_1to19B_0to600INT_15RT_5WT.sql,True,AN,Net,slowDN,w,4,20,2,58,
AN_Net_slowDN_w_20ms_05FDN_30C_1to19B_0to600INT_15RT_5WT.sql,True,AN,Net,slowDN,w,5,20,2,78,
AN_Net_slowDN_w_20ms_10FDN_30C_1to19B_0to600INT_15RT_5WT.sql,True,AN,Net,slowDN,w,10,20,2,66,
AN_Net_slowDN_w_20ms_15FDN_30C_1to19B_0to600INT_15RT_5WT.sql,True,AN,Net,slowDN,w,15,20,2,55,
AN_Net_slowDN_w_20ms_20FDN_30C_1to19B_0to600INT_15RT_5WT.sql,True,AN,Net,slowDN,w,20,20,2,66,
AN_Net_slowDN_w_20ms_25FDN_30C_1to19B_0to600INT_15RT_5WT.sql,True,AN,Net,slowDN,w,25,20,2,60,
AN_Net_slowDN_w_20ms_30FDN_30C_1to19B_0to600INT_15RT_5WT.sql,True,AN,Net,slowDN,w,30,20,2,60,
AN_Net_slowDN_w_20ms_35FDN_30C_1to19B_0to600INT_15RT_5WT.sql,True,AN,Net,slowDN,w,35,20,2,49,
AN_Net_slowDN_w_20ms_40FDN_30C_1to19B_0to600INT_15RT_5WT.sql,True,AN,Net,slowDN,w,40,20,2,49,
AN_Net_slowDN_w_20ms_45FDN_30C_1to19B_0to600INT_15RT_5WT.sql,True,AN,Net,slowDN,w,45,20,2,49,
AN_Net_slowDN_w_20ms_50FDN_30C_1to19B_0to600INT_15RT_5WT.sql,True,AN,Net,slowDN,w,50,20,2,47,
AN_Net_slowHDFS_r_000ms_30C_1to19B_0to120INT_15RT_5WT.sql,True,AN,Net,slowHDFS,r,,0,2,312,
AN_Net_slowHDFS_r_010ms_30C_1to19B_0to120INT_15RT_5WT.sql,True,AN,Net,slowHDFS,r,,10,2,323,
AN_Net_slowHDFS_r_020ms_30C_1to19B_0to120INT_15RT_5WT.sql,True,AN,Net,slowHDFS,r,,20,2,314,
AN_Net_slowHDFS_r_030ms_30C_1to19B_0to120INT_15RT_5WT.sql,True,AN,Net,slowHDFS,r,,30,2,288,
AN_Net_slowHDFS_r_040ms_30C_1to19B_0to120INT_15RT_5WT.sql,True,AN,Net,slowHDFS,r,,40,2,257,
AN_Net_slowHDFS_r_050ms_30C_1to19B_0to120INT_15RT_5WT.sql,True,AN,Net,slowHDFS,r,,50,2,261,
AN_Net_slowHDFS_r_060ms_30C_1to19B_0to120INT_15RT_5WT.sql,True,AN,Net,slowHDFS,r,,60,2,226,
AN_Net_slowHDFS_r_070ms_30C_1to19B_0to120INT_15RT_5WT.sql,True,AN,Net,slowHDFS,r,,70,2,212,
AN_Net_slowHDFS_r_080ms_30C_1to19B_0to120INT_15RT_5WT.sql,True,AN,Net,slowHDFS,r,,80,2,203,
AN_Net_slowHDFS_r_090ms_30C_1to19B_0to120INT_15RT_5WT.sql,True,AN,Net,slowHDFS,r,,90,2,188,
AN_Net_slowHDFS_r_100ms_30C_1to19B_0to120INT_15RT_5WT.sql,True,AN,Net,slowHDFS,r,,100,2,183,
AN_Net_slowHDFS_rpc_0000ms_30C_0to0INT_5RT_1WT.sql,True,AN,Net,slowHDFS,rpc,,0,2,9769,
AN_Net_slowHDFS_rpc_0100ms_30C_0to0INT_5RT_1WT.sql,True,AN,Net,slowHDFS,rpc,,100,2,6109,
AN_Net_slowHDFS_rpc_0200ms_30C_0to0INT_5RT_1WT.sql,True,AN,Net,slowHDFS,rpc,,200,2,4455,
AN_Net_slowHDFS_rpc_0300ms_30C_0to0INT_5RT_1WT.sql,True,AN,Net,slowHDFS,rpc,,300,2,3498,
AN_Net_slowHDFS_rpc_0400ms_30C_0to0INT_5RT_1WT.sql,True,AN,Net,slowHDFS,rpc,,400,2,2880,
AN_Net_slowHDFS_rpc_0500ms_30C_0to0INT_5RT_1WT.sql,True,AN,Net,slowHDFS,rpc,,500,2,2443,
AN_Net_slowHDFS_rpc_0600ms_30C_0to0INT_5RT_1WT.sql,True,AN,Net,slowHDFS,rpc,,600,2,2120,
AN_Net_slowHDFS_rpc_0700ms_30C_0to0INT_5RT_1WT.sql,True,AN,Net,slowHDFS,rpc,,700,2,1878,
AN_Net_slowHDFS_rpc_0800ms_30C_0to0INT_5RT_1WT.sql,True,AN,Net,slowHDFS,rpc,,800,2,1681,
AN_Net_slowHDFS_rpc_0900ms_30C_0to0INT_5RT_1WT.sql,True,AN,Net,slowHDFS,rpc,,900,2,1525,
AN_Net_slowHDFS_rpc_1000ms_30C_0to0INT_5RT_1WT.sql,True,AN,Net,slowHDFS,rpc,,1000,2,1394,
AN_Net_slowHDFS_w_00ms_30C_1to19B_0to600INT_15RT_5WT.sql,True,AN,Net,slowHDFS,w,,0,2,72,
AN_Net_slowHDFS_w_02ms_30C_1to19B_0to600INT_15RT_5WT.sql,True,AN,Net,slowHDFS,w,,2,2,62,
AN_Net_slowHDFS_w_04ms_30C_1to19B_0to600INT_15RT_5WT.sql,True,AN,Net,slowHDFS,w,,4,2,74,
AN_Net_slowHDFS_w_06ms_30C_1to19B_0to600INT_15RT_5WT.sql,True,AN,Net,slowHDFS,w,,6,2,63,
AN_Net_slowHDFS_w_08ms_30C_1to19B_0to600INT_15RT_5WT.sql,True,AN,Net,slowHDFS,w,,8,2,61,
AN_Net_slowHDFS_w_10ms_30C_1to19B_0to600INT_15RT_5WT.sql,True,AN,Net,slowHDFS,w,,10,2,54,
AN_Net_slowHDFS_w_12ms_30C_1to19B_0to600INT_15RT_5WT.sql,True,AN,Net,slowHDFS,w,,12,2,71,
AN_Net_slowHDFS_w_14ms_30C_1to19B_0to600INT_15RT_5WT.sql,True,AN,Net,slowHDFS,w,,14,2,58,
AN_Net_slowHDFS_w_16ms_30C_1to19B_0to600INT_15RT_5WT.sql,True,AN,Net,slowHDFS,w,,16,2,56,
AN_Net_slowHDFS_w_18ms_30C_1to19B_0to600INT_15RT_5WT.sql,True,AN,Net,slowHDFS,w,,18,2,57,
AN_Net_slowHDFS_w_20ms_30C_1to19B_0to600INT_15RT_5WT.sql,True,AN,Net,slowHDFS,w,,20,2,53,
AN_Proc_killDN_r_00FDN_30C_1to19B_0to120INT_15RT_5WT.sql,True,AN,Proc,killDN,r,0,,1,346,
AN_Proc_killDN_r_01FDN_30C_1to19B_0to120INT_15RT_5WT.sql,True,AN,Proc,killDN,r,1,,1,333,
AN_Proc_killDN_r_02FDN_30C_1to19B_0to120INT_15RT_5WT.sql,True,AN,Proc,killDN,r,2,,1,364,
AN_Proc_killDN_r_03FDN_30C_1to19B_0to120INT_15RT_5WT.sql,True,AN,Proc,killDN,r,3,,1,353,
AN_Proc_killDN_r_04FDN_30C_1to19B_0to120INT_15RT_5WT.sql,True,AN,Proc,killDN,r,4,,1,328,
AN_Proc_killDN_r_05FDN_30C_1to19B_0to120INT_15RT_5WT.sql,True,AN,Proc,killDN,r,5,,1,343,
AN_Proc_killDN_r_10FDN_30C_1to19B_0to120INT_15RT_5WT.sql,True,AN,Proc,killDN,r,10,,1,338,
AN_Proc_killDN_r_15FDN_30C_1to19B_0to120INT_15RT_5WT.sql,True,AN,Proc,killDN,r,15,,1,350,
AN_Proc_killDN_r_20FDN_30C_1to19B_0to120INT_15RT_5WT.sql,True,AN,Proc,killDN,r,20,,1,356,
AN_Proc_killDN_r_25FDN_30C_1to19B_0to120INT_15RT_5WT.sql,True,AN,Proc,killDN,r,25,,1,335,
AN_Proc_killDN_r_30FDN_30C_1to19B_0to120INT_15RT_5WT.sql,True,AN,Proc,killDN,r,30,,1,369,
AN_Proc_killDN_r_35FDN_30C_1to19B_0to120INT_15RT_5WT.sql,True,AN,Proc,killDN,r,35,,1,372,
AN_Proc_killDN_r_40FDN_30C_1to19B_0to120INT_15RT_5WT.sql,True,AN,Proc,killDN,r,40,,1,375,
AN_Proc_killDN_r_45FDN_30C_1to19B_0to120INT_15RT_5WT.sql,True,AN,Proc,killDN,r,45,,1,372,
AN_Proc_killDN_r_50FDN_30C_1to19B_0to120INT_15RT_5WT.sql,True,AN,Proc,killDN,r,50,,1,371,
AN_Proc_killDN_w_00FDN_30C_1to19B_0to600INT_15RT_5WT.sql,True,AN,Proc,killDN,w,0,,1,69,
AN_Proc_killDN_w_01FDN_30C_1to19B_0to600INT_15RT_5WT.sql,True,AN,Proc,killDN,w,1,,1,80,
AN_Proc_killDN_w_02FDN_30C_1to19B_0to600INT_15RT_5WT.sql,True,AN,Proc,killDN,w,2,,1,70,
AN_Proc_killDN_w_03FDN_30C_1to19B_0to600INT_15RT_5WT.sql,True,AN,Proc,killDN,w,3,,1,69,
AN_Proc_killDN_w_04FDN_30C_1to19B_0to600INT_15RT_5WT.sql,True,AN,Proc,killDN,w,4,,1,72,
AN_Proc_killDN_w_05FDN_30C_1to19B_0to600INT_15RT_5WT.sql,True,AN,Proc,killDN,w,5,,1,67,
AN_Proc_killDN_w_10FDN_30C_1to19B_0to600INT_15RT_5WT.sql,True,AN,Proc,killDN,w,10,,1,74,
AN_Proc_killDN_w_15FDN_30C_1to19B_0to600INT_15RT_5WT.sql,True,AN,Proc,killDN,w,15,,1,87,
AN_Proc_killDN_w_20FDN_30C_1to19B_0to600INT_15RT_5WT.sql,True,AN,Proc,killDN,w,20,,1,84,
AN_Proc_killDN_w_25FDN_30C_1to19B_0to600INT_15RT_5WT.sql,True,AN,Proc,killDN,w,25,,1,82,
AN_Proc_killDN_w_30FDN_30C_1to19B_0to600INT_15RT_5WT.sql,True,AN,Proc,killDN,w,30,,1,82,
AN_Proc_killDN_w_35FDN_30C_1to19B_0to600INT_15RT_5WT.sql,True,AN,Proc,killDN,w,35,,1,86,
AN_Proc_killDN_w_40FDN_30C_1to19B_0to600INT_15RT_5WT.sql,True,AN,Proc,killDN,w,40,,1,74,
AN_Proc_killDN_w_45FDN_30C_1to19B_0to600INT_15RT_5WT.sql,True,AN,Proc,killDN,w,45,,1,77,
AN_Proc_killDN_w_50FDN_30C_1to19B_0to600INT_15RT_5WT.sql,True,AN,Proc,killDN,w,50,,1,91,
AN_Proc_suspendDN_r_01FDN_30C_1to19B_0to120INT_15RT_5WT.sql,True,AN,Proc,suspendDN,r,1,,1,319,
AN_Proc_suspendDN_r_02FDN_30C_1to19B_0to120INT_15RT_5WT.sql,True,AN,Proc,suspendDN,r,2,,1,286,
AN_Proc_suspendDN_r_03FDN_30C_1to19B_0to120INT_15RT_5WT.sql,True,AN,Proc,suspendDN,r,3,,1,274,
AN_Proc_suspendDN_r_04FDN_30C_1to19B_0to120INT_15RT_5WT.sql,True,AN,Proc,suspendDN,r,4,,1,250,
AN_Proc_suspendDN_r_05FDN_30C_1to19B_0to120INT_15RT_5WT.sql,True,AN,Proc,suspendDN,r,5,,1,219,
AN_Proc_suspendDN_r_10FDN_30C_1to19B_0to120INT_15RT_5WT.sql,True,AN,Proc,suspendDN,r,10,,1,139,
AN_Proc_suspendDN_r_15FDN_30C_1to19B_0to120INT_15RT_5WT.sql,True,AN,Proc,suspendDN,r,15,,1,71,
AN_Proc_suspendDN_r_20FDN_30C_1to19B_0to120INT_15RT_5WT.sql,True,AN,Proc,suspendDN,r,20,,1,72,
AN_Proc_suspendDN_r_25FDN_30C_1to19B_0to120INT_15RT_5WT.sql,True,AN,Proc,suspendDN,r,25,,1,62,
AN_Proc_suspendDN_r_30FDN_30C_1to19B_0to120INT_15RT_10WT.sql,True,AN,Proc,suspendDN,r,30,,1,70,
AN_Proc_suspendDN_r_35FDN_30C_1to19B_0to120INT_15RT_10WT.sql,True,AN,Proc,suspendDN,r,35,,1,68,
AN_Proc_suspendDN_r_40FDN_30C_1to19B_0to120INT_15RT_10WT.sql,True,AN,Proc,suspendDN,r,40,,1,64,
AN_Proc_suspendDN_r_45FDN_30C_1to19B_0to120INT_15RT_10WT.sql,True,AN,Proc,suspendDN,r,45,,1,54,
AN_Proc_suspendDN_r_50FDN_30C_1to19B_0to120INT_15RT_10WT.sql,True,AN,Proc,suspendDN,r,50,,1,74,
AN_Proc_suspendDN_w_01FDN_30C_1to19B_0to600INT_15RT_5WT.sql,True,AN,Proc,suspendDN,w,1,,1,72,
AN_Proc_suspendDN_w_02FDN_30C_1to19B_0to600INT_15RT_5WT.sql,True,AN,Proc,suspendDN,w,2,,1,68,
AN_Proc_suspendDN_w_03FDN_30C_1to19B_0to600INT_15RT_5WT.sql,True,AN,Proc,suspendDN,w,3,,1,65,
AN_Proc_suspendDN_w_04FDN_30C_1to19B_0to600INT_15RT_5WT.sql,True,AN,Proc,suspendDN,w,4,,1,71,
AN_Proc_suspendDN_w_05FDN_30C_1to19B_0to600INT_15RT_5WT.sql,True,AN,Proc,suspendDN,w,5,,1,49,
AN_Proc_suspendDN_w_10FDN_30C_1to19B_0to600INT_15RT_5WT.sql,True,AN,Proc,suspendDN,w,10,,1,43,
AN_Proc_suspendDN_w_15FDN_30C_1to19B_0to600INT_15RT_5WT.sql,True,AN,Proc,suspendDN,w,15,,1,44,
AN_Proc_suspendDN_w_20FDN_30C_1to19B_0to600INT_15RT_5WT.sql,True,AN,Proc,suspendDN,w,20,,1,43,
AN_Proc_suspendDN_w_25FDN_30C_1to19B_0to600INT_15RT_5WT.sql,True,AN,Proc,suspendDN,w,25,,1,43,
AN_Proc_suspendDN_w_30FDN_30C_1to19B_0to600INT_15RT_5WT.sql,True,AN,Proc,suspendDN,w,30,,1,48,
AN_Proc_suspendDN_w_35FDN_30C_1to19B_0to600INT_15RT_5WT.sql,True,AN,Proc,suspendDN,w,35,,1,47,
AN_Proc_suspendDN_w_40FDN_30C_1to19B_0to600INT_15RT_5WT.sql,True,AN,Proc,suspendDN,w,40,,1,46,
AN_Proc_suspendDN_w_45FDN_30C_1to19B_0to600INT_15RT_5WT.sql,True,AN,Proc,suspendDN,w,45,,1,45,
AN_Proc_suspendDN_w_50FDN_30C_1to19B_0to600INT_15RT_5WT.sql,True,AN,Proc,suspendDN,w,50,,1,48,
AN_Sys_deadDN_r_01FDN_30C_1to19B_0to120INT_15RT_5WT.sql,True,AN,Sys,deadDN,r,1,,1,298,
AN_Sys_deadDN_r_02FDN_30C_1to19B_0to120INT_15RT_5WT.sql,True,AN,Sys,deadDN,r,2,,1,297,
AN_Sys_deadDN_r_03FDN_30C_1to19B_0to120INT_15RT_5WT.sql,True,AN,Sys,deadDN,r,3,,1,302,
AN_Sys_deadDN_r_04FDN_30C_1to19B_0to120INT_15RT_5WT.sql,True,AN,Sys,deadDN,r,4,,1,261,
AN_Sys_deadDN_r_05FDN_30C_1to19B_0to120INT_15RT_5WT.sql,True,AN,Sys,deadDN,r,5,,1,277,
AN_Sys_deadDN_w_01FDN_30C_1to19B_0to600INT_15RT_5WT.sql,True,AN,Sys,deadDN,w,1,,1,69,
AN_Sys_deadDN_w_02FDN_30C_1to19B_0to600INT_15RT_5WT.sql,True,AN,Sys,deadDN,w,2,,1,75,
AN_Sys_deadDN_w_03FDN_30C_1to19B_0to600INT_15RT_5WT.sql,True,AN,Sys,deadDN,w,3,,1,64,
AN_Sys_deadDN_w_04FDN_30C_1to19B_0to600INT_15RT_5WT.sql,True,AN,Sys,deadDN,w,4,,1,54,
AN_Sys_deadDN_w_05FDN_30C_1to19B_0to600INT_15RT_5WT.sql,True,AN,Sys,deadDN,w,5,,1,54,
AN_Sys_panicDN_r_01FDN_30C_1to19B_0to120INT_15RT_5WT.sql,True,AN,Sys,panicDN,r,1,,1,336,
AN_Sys_panicDN_r_02FDN_30C_1to19B_0to120INT_15RT_5WT.sql,True,AN,Sys,panicDN,r,2,,1,323,
AN_Sys_panicDN_r_03FDN_30C_1to19B_0to120INT_15RT_5WT.sql,True,AN,Sys,panicDN,r,3,,1,315,
AN_Sys_panicDN_r_04FDN_30C_1to19B_0to120INT_15RT_5WT.sql,True,AN,Sys,panicDN,r,4,,1,325,
AN_Sys_panicDN_r_05FDN_30C_1to19B_0to120INT_15RT_5WT.sql,True,AN,Sys,panicDN,r,5,,1,323,
AN_Sys_panicDN_w_01FDN_30C_1to19B_0to600INT_15RT_5WT.sql,True,AN,Sys,panicDN,w,1,,1,73,
AN_Sys_panicDN_w_02FDN_30C_1to19B_0to600INT_15RT_5WT.sql,True,AN,Sys,panicDN,w,2,,1,72,
AN_Sys_panicDN_w_03FDN_30C_1to19B_0to600INT_15RT_5WT.sql,True,AN,Sys,panicDN,w,3,,1,71,
AN_Sys_panicDN_w_04FDN_30C_1to19B_0to600INT_15RT_5WT.sql,True,AN,Sys,panicDN,w,4,,1,70,
AN_Sys_panicDN_w_05FDN_30C_1to19B_0to600INT_15RT_5WT.sql,True,AN,Sys,panicDN,w,5,,1,69,
AN_Sys_readOnlyDN_w_01FDN_30C_1to19B_0to600INT_15RT_5WT.sql,True,AN,Sys,readOnlyDN,w,1,,1,66,
AN_Sys_readOnlyDN_w_02FDN_30C_1to19B_0to600INT_15RT_5WT.sql,True,AN,Sys,readOnlyDN,w,2,,1,80,
AN_Sys_readOnlyDN_w_03FDN_30C_1to19B_0to600INT_15RT_5WT.sql,True,AN,Sys,readOnlyDN,w,3,,1,78,
AN_Sys_readOnlyDN_w_04FDN_30C_1to19B_0to600INT_15RT_5WT.sql,True,AN,Sys,readOnlyDN,w,4,,1,74,
AN_Sys_readOnlyDN_w_05FDN_30C_1to19B_0to600INT_15RT_5WT.sql,True,AN,Sys,readOnlyDN,w,5,,1,70,
COM_Mul_AA_rwrpc_1_30C_1to19B_0to120INTR_0to600INTW_0to0INTRPC_150RT_10WT.sql,True,COM,AA,Mul_AA,rwrpc,1,,3,5812,"severity is the run/trial number, not a failed-datanode count (COM sets don't encode an NNFDN token)"
COM_Mul_AA_rwrpc_2_30C_1to19B_0to120INTR_0to600INTW_0to0INTRPC_150RT_10WT.sql,True,COM,AA,Mul_AA,rwrpc,2,,3,5823,"severity is the run/trial number, not a failed-datanode count (COM sets don't encode an NNFDN token)"
COM_Mul_AA_rwrpc_3_30C_1to19B_0to120INTR_0to600INTW_0to0INTRPC_150RT_10WT.sql,True,COM,AA,Mul_AA,rwrpc,3,,3,5609,"severity is the run/trial number, not a failed-datanode count (COM sets don't encode an NNFDN token)"
COM_Sin_Bug_rwrpc_1_30C_1to5B_0to120INTR_0to600INTW_0to10INTRPC_30RT_5WT.sql,True,COM,Bug,Sin_Bug,rwrpc,1,,3,1354,"severity is the run/trial number, not a failed-datanode count (COM sets don't encode an NNFDN token)"
COM_Sin_Bug_rwrpc_2_30C_1to5B_0to120INTR_0to600INTW_0to10INTRPC_30RT_5WT.sql,True,COM,Bug,Sin_Bug,rwrpc,2,,3,1182,"severity is the run/trial number, not a failed-datanode count (COM sets don't encode an NNFDN token)"
COM_Sin_Bug_rwrpc_3_30C_1to5B_0to120INTR_0to600INTW_0to10INTRPC_30RT_5WT.sql,True,COM,Bug,Sin_Bug,rwrpc,3,,3,1311,"severity is the run/trial number, not a failed-datanode count (COM sets don't encode an NNFDN token)"
COM_Sin_Data_rwrpc_1_30C_1to19B_0to120INTR_0to600INTW_0to0INTRPC_60RT_10WT.sql,True,COM,Data,Sin_Data,rwrpc,1,,3,2436,"severity is the run/trial number, not a failed-datanode count (COM sets don't encode an NNFDN token)"
COM_Sin_Data_rwrpc_2_30C_1to19B_0to120INTR_0to600INTW_0to0INTRPC_60RT_10WT.sql,True,COM,Data,Sin_Data,rwrpc,2,,3,2399,"severity is the run/trial number, not a failed-datanode count (COM sets don't encode an NNFDN token)"
COM_Sin_Data_rwrpc_3_30C_1to19B_0to120INTR_0to600INTW_0to0INTRPC_60RT_10WT.sql,True,COM,Data,Sin_Data,rwrpc,3,,3,2557,"severity is the run/trial number, not a failed-datanode count (COM sets don't encode an NNFDN token)"
COM_Sin_Net_rwrpc_1_30C_1to19B_0to120INTR_0to600INTW_0to0INTRPC_60RT_10WT.sql,True,COM,Net,Sin_Net,rwrpc,1,,3,2152,"severity is the run/trial number, not a failed-datanode count (COM sets don't encode an NNFDN token)"
COM_Sin_Net_rwrpc_2_30C_1to19B_0to120INTR_0to600INTW_0to0INTRPC_60RT_10WT.sql,True,COM,Net,Sin_Net,rwrpc,2,,3,2238,"severity is the run/trial number, not a failed-datanode count (COM sets don't encode an NNFDN token)"
COM_Sin_Net_rwrpc_3_30C_1to19B_0to120INTR_0to600INTW_0to0INTRPC_60RT_10WT.sql,True,COM,Net,Sin_Net,rwrpc,3,,3,2149,"severity is the run/trial number, not a failed-datanode count (COM sets don't encode an NNFDN token)"
COM_Sin_Proc_rwrpc_1_30C_1to19B_0to120INTR_0to600INTW_0to0INTRPC_60RT_10WT.sql,True,COM,Proc,Sin_Proc,rwrpc,1,,3,2426,"severity is the run/trial number, not a failed-datanode count (COM sets don't encode an NNFDN token)"
COM_Sin_Proc_rwrpc_2_30C_1to19B_0to120INTR_0to600INTW_0to0INTRPC_60RT_10WT.sql,True,COM,Proc,Sin_Proc,rwrpc,2,,3,2300,"severity is the run/trial number, not a failed-datanode count (COM sets don't encode an NNFDN token)"
COM_Sin_Proc_rwrpc_3_30C_1to19B_0to120INTR_0to600INTW_0to0INTRPC_60RT_10WT.sql,True,COM,Proc,Sin_Proc,rwrpc,3,,3,2311,"severity is the run/trial number, not a failed-datanode count (COM sets don't encode an NNFDN token)"
COM_Sin_Sys_rwrpc_1_30C_1to19B_0to120INTR_0to600INTW_0to0INTRPC_60RT_10WT.sql,True,COM,Sys,Sin_Sys,rwrpc,1,,3,2298,"severity is the run/trial number, not a failed-datanode count (COM sets don't encode an NNFDN token)"
COM_Sin_Sys_rwrpc_2_30C_1to19B_0to120INTR_0to600INTW_0to0INTRPC_60RT_10WT.sql,True,COM,Sys,Sin_Sys,rwrpc,2,,3,2407,"severity is the run/trial number, not a failed-datanode count (COM sets don't encode an NNFDN token)"
COM_Sin_Sys_rwrpc_3_30C_1to19B_0to120INTR_0to600INTW_0to0INTRPC_60RT_10WT.sql,True,COM,Sys,Sin_Sys,rwrpc,3,,3,2351,"severity is the run/trial number, not a failed-datanode count (COM sets don't encode an NNFDN token)"
NM_CL_r_01C_1to19B_0to0INT_50RT_10WT.sql,False,NM,normal,none / no fault,r,,,,337,subtype=CL
NM_CL_r_05C_1to19B_0to120INT_50RT_10WT.sql,False,NM,normal,none / no fault,r,,,,211,subtype=CL
NM_CL_r_10C_1to19B_0to120INT_50RT_10WT.sql,False,NM,normal,none / no fault,r,,,,415,subtype=CL
NM_CL_r_15C_1to19B_0to120INT_50RT_10WT.sql,False,NM,normal,none / no fault,r,,,,640,subtype=CL
NM_CL_r_20C_1to19B_0to120INT_50RT_10WT.sql,False,NM,normal,none / no fault,r,,,,788,subtype=CL
NM_CL_r_25C_1to19B_0to120INT_50RT_10WT.sql,False,NM,normal,none / no fault,r,,,,994,subtype=CL
NM_CL_r_30C_1to19B_0to120INT_50RT_10WT.sql,False,NM,normal,none / no fault,r,,,,1145,subtype=CL
NM_CL_r_35C_1to19B_0to120INT_50RT_10WT.sql,False,NM,normal,none / no fault,r,,,,1296,subtype=CL
NM_CL_r_40C_1to19B_0to120INT_50RT_10WT.sql,False,NM,normal,none / no fault,r,,,,1356,subtype=CL
NM_CL_r_45C_1to19B_0to120INT_50RT_10WT.sql,False,NM,normal,none / no fault,r,,,,1384,subtype=CL
NM_CL_r_50C_1to19B_0to120INT_50RT_10WT.sql,False,NM,normal,none / no fault,r,,,,1421,subtype=CL
NM_CL_rpc_01C_0to0INT_10RT_1WT.sql,False,NM,normal,none / no fault,rpc,,,,696,subtype=CL
NM_CL_rpc_05C_0to0INT_10RT_1WT.sql,False,NM,normal,none / no fault,rpc,,,,3420,subtype=CL
NM_CL_rpc_10C_0to0INT_10RT_1WT.sql,False,NM,normal,none / no fault,rpc,,,,6785,subtype=CL
NM_CL_rpc_15C_0to0INT_10RT_1WT.sql,False,NM,normal,none / no fault,rpc,,,,10103,subtype=CL
NM_CL_rpc_20C_0to0INT_10RT_1WT.sql,False,NM,normal,none / no fault,rpc,,,,13430,subtype=CL
NM_CL_rpc_25C_0to0INT_10RT_1WT.sql,False,NM,normal,none / no fault,rpc,,,,16592,subtype=CL
NM_CL_rpc_30C_0to0INT_10RT_1WT.sql,False,NM,normal,none / no fault,rpc,,,,19454,subtype=CL
NM_CL_rpc_35C_0to0INT_10RT_1WT.sql,False,NM,normal,none / no fault,rpc,,,,22323,subtype=CL
NM_CL_rpc_40C_0to0INT_10RT_1WT.sql,False,NM,normal,none / no fault,rpc,,,,24760,subtype=CL
NM_CL_rpc_45C_0to0INT_10RT_1WT.sql,False,NM,normal,none / no fault,rpc,,,,26936,subtype=CL
NM_CL_rpc_50C_0to0INT_10RT_1WT.sql,False,NM,normal,none / no fault,rpc,,,,29880,subtype=CL
NM_CL_rw_01C_1to19B_0to0INTR_0to0INTW_50RT_10WT.sql,False,NM,normal,none / no fault,rw,,,,217,subtype=CL
NM_CL_rw_05C_1to19B_0to120INTR_0to600INTW_50RT_10WT.sql,False,NM,normal,none / no fault,rw,,,,76,subtype=CL
NM_CL_rw_10C_1to19B_0to120INTR_0to600INTW_50RT_10WT.sql,False,NM,normal,none / no fault,rw,,,,157,subtype=CL
NM_CL_rw_15C_1to19B_0to120INTR_0to600INTW_50RT_10WT.sql,False,NM,normal,none / no fault,rw,,,,222,subtype=CL
NM_CL_rw_20C_1to19B_0to120INTR_0to600INTW_50RT_10WT.sql,False,NM,normal,none / no fault,rw,,,,281,subtype=CL
NM_CL_rw_25C_1to19B_0to120INTR_0to600INTW_50RT_10WT.sql,False,NM,normal,none / no fault,rw,,,,365,subtype=CL
NM_CL_rw_30C_1to19B_0to120INTR_0to600INTW_50RT_10WT.sql,False,NM,normal,none / no fault,rw,,,,407,subtype=CL
NM_CL_rw_35C_1to19B_0to120INTR_0to600INTW_50RT_10WT.sql,False,NM,normal,none / no fault,rw,,,,471,subtype=CL
NM_CL_rw_40C_1to19B_0to120INTR_0to600INTW_50RT_10WT.sql,False,NM,normal,none / no fault,rw,,,,502,subtype=CL
NM_CL_rw_45C_1to19B_0to120INTR_0to600INTW_50RT_10WT.sql,False,NM,normal,none / no fault,rw,,,,534,subtype=CL
NM_CL_rw_50C_1to19B_0to120INTR_0to600INTW_50RT_10WT.sql,False,NM,normal,none / no fault,rw,,,,569,subtype=CL
NM_CL_rwrpc_01C_1to19B_0to0INTR_0to0INTW_0to0INTRPC_50RT_10WT.sql,False,NM,normal,none / no fault,rwrpc,,,,988,subtype=CL
NM_CL_rwrpc_05C_1to19B_0to120INTR_0to600INTW_0to0INTRPC_50RT_10WT.sql,False,NM,normal,none / no fault,rwrpc,,,,339,subtype=CL
NM_CL_rwrpc_10C_1to19B_0to120INTR_0to600INTW_0to0INTRPC_50RT_10WT.sql,False,NM,normal,none / no fault,rwrpc,,,,737,subtype=CL
NM_CL_rwrpc_15C_1to19B_0to120INTR_0to600INTW_0to0INTRPC_50RT_10WT.sql,False,NM,normal,none / no fault,rwrpc,,,,1066,subtype=CL
NM_CL_rwrpc_20C_1to19B_0to120INTR_0to600INTW_0to0INTRPC_50RT_10WT.sql,False,NM,normal,none / no fault,rwrpc,,,,1388,subtype=CL
NM_CL_rwrpc_25C_1to19B_0to120INTR_0to600INTW_0to0INTRPC_50RT_10WT.sql,False,NM,normal,none / no fault,rwrpc,,,,1647,subtype=CL
NM_CL_rwrpc_30C_1to19B_0to120INTR_0to600INTW_0to0INTRPC_50RT_10WT.sql,False,NM,normal,none / no fault,rwrpc,,,,2023,subtype=CL
NM_CL_rwrpc_35C_1to19B_0to120INTR_0to600INTW_0to0INTRPC_50RT_10WT.sql,False,NM,normal,none / no fault,rwrpc,,,,2393,subtype=CL
NM_CL_rwrpc_40C_1to19B_0to120INTR_0to600INTW_0to0INTRPC_50RT_10WT.sql,False,NM,normal,none / no fault,rwrpc,,,,2566,subtype=CL
NM_CL_rwrpc_45C_1to19B_0to120INTR_0to600INTW_0to0INTRPC_50RT_10WT.sql,False,NM,normal,none / no fault,rwrpc,,,,2695,subtype=CL
NM_CL_rwrpc_50C_1to19B_0to120INTR_0to600INTW_0to0INTRPC_50RT_10WT.sql,False,NM,normal,none / no fault,rwrpc,,,,2906,subtype=CL
NM_CL_w_01C_1to19B_0to0INT_50RT_10WT.sql,False,NM,normal,none / no fault,w,,,,171,subtype=CL
NM_CL_w_05C_1to19B_0to600INT_50RT_10WT.sql,False,NM,normal,none / no fault,w,,,,49,subtype=CL
NM_CL_w_10C_1to19B_0to600INT_50RT_10WT.sql,False,NM,normal,none / no fault,w,,,,88,subtype=CL
NM_CL_w_15C_1to19B_0to600INT_50RT_10WT.sql,False,NM,normal,none / no fault,w,,,,132,subtype=CL
NM_CL_w_20C_1to19B_0to600INT_50RT_10WT.sql,False,NM,normal,none / no fault,w,,,,171,subtype=CL
NM_CL_w_25C_1to19B_0to600INT_50RT_10WT.sql,False,NM,normal,none / no fault,w,,,,214,subtype=CL
NM_CL_w_30C_1to19B_0to600INT_50RT_10WT.sql,False,NM,normal,none / no fault,w,,,,259,subtype=CL
NM_CL_w_35C_1to19B_0to600INT_50RT_10WT.sql,False,NM,normal,none / no fault,w,,,,292,subtype=CL
NM_CL_w_40C_1to19B_0to600INT_50RT_10WT.sql,False,NM,normal,none / no fault,w,,,,313,subtype=CL
NM_CL_w_45C_1to19B_0to600INT_50RT_10WT.sql,False,NM,normal,none / no fault,w,,,,355,subtype=CL
NM_CL_w_50C_1to19B_0to600INT_50RT_10WT.sql,False,NM,normal,none / no fault,w,,,,367,subtype=CL
NM_DN_r_01DN_30C_1to19B_0to120INT_50RT_10WT.sql,False,NM,normal,none / no fault,r,1,,,393,subtype=DN
NM_DN_r_05DN_30C_1to19B_0to120INT_50RT_10WT.sql,False,NM,normal,none / no fault,r,5,,,790,subtype=DN
NM_DN_r_10DN_30C_1to19B_0to120INT_50RT_10WT.sql,False,NM,normal,none / no fault,r,10,,,894,subtype=DN
NM_DN_r_15DN_30C_1to19B_0to120INT_50RT_10WT.sql,False,NM,normal,none / no fault,r,15,,,1009,subtype=DN
NM_DN_r_20DN_30C_1to19B_0to120INT_50RT_10WT.sql,False,NM,normal,none / no fault,r,20,,,1052,subtype=DN
NM_DN_r_25DN_30C_1to19B_0to120INT_50RT_10WT.sql,False,NM,normal,none / no fault,r,25,,,1058,subtype=DN
NM_DN_r_30DN_30C_1to19B_0to120INT_50RT_10WT.sql,False,NM,normal,none / no fault,r,30,,,1080,subtype=DN
NM_DN_r_35DN_30C_1to19B_0to120INT_50RT_10WT.sql,False,NM,normal,none / no fault,r,35,,,1103,subtype=DN
NM_DN_r_40DN_30C_1to19B_0to120INT_50RT_10WT.sql,False,NM,normal,none / no fault,r,40,,,1111,subtype=DN
NM_DN_r_45DN_30C_1to19B_0to120INT_50RT_10WT.sql,False,NM,normal,none / no fault,r,45,,,1117,subtype=DN
NM_DN_r_50DN_30C_1to19B_0to120INT_50RT_10WT.sql,False,NM,normal,none / no fault,r,50,,,1134,subtype=DN
NM_DN_rw_01DN_30C_1to19B_0to120INTR_0to600INTW_50RT_10WT.sql,False,NM,normal,none / no fault,rw,1,,,329,subtype=DN
NM_DN_rw_05DN_30C_1to19B_0to120INTR_0to600INTW_50RT_10WT.sql,False,NM,normal,none / no fault,rw,5,,,196,subtype=DN
NM_DN_rw_10DN_30C_1to19B_0to120INTR_0to600INTW_50RT_10WT.sql,False,NM,normal,none / no fault,rw,10,,,365,subtype=DN
NM_DN_rw_15DN_30C_1to19B_0to120INTR_0to600INTW_50RT_10WT.sql,False,NM,normal,none / no fault,rw,15,,,357,subtype=DN
NM_DN_rw_20DN_30C_1to19B_0to120INTR_0to600INTW_50RT_10WT.sql,False,NM,normal,none / no fault,rw,20,,,383,subtype=DN
NM_DN_rw_25DN_30C_1to19B_0to120INTR_0to600INTW_50RT_10WT.sql,False,NM,normal,none / no fault,rw,25,,,412,subtype=DN
NM_DN_rw_30DN_30C_1to19B_0to120INTR_0to600INTW_50RT_10WT.sql,False,NM,normal,none / no fault,rw,30,,,417,subtype=DN
NM_DN_rw_35DN_30C_1to19B_0to120INTR_0to600INTW_50RT_10WT.sql,False,NM,normal,none / no fault,rw,35,,,403,subtype=DN
NM_DN_rw_40DN_30C_1to19B_0to120INTR_0to600INTW_50RT_10WT.sql,False,NM,normal,none / no fault,rw,40,,,419,subtype=DN
NM_DN_rw_45DN_30C_1to19B_0to120INTR_0to600INTW_50RT_10WT.sql,False,NM,normal,none / no fault,rw,45,,,412,subtype=DN
NM_DN_rw_50DN_30C_1to19B_0to120INTR_0to600INTW_50RT_10WT.sql,False,NM,normal,none / no fault,rw,50,,,406,subtype=DN
NM_DN_w_01DN_30C_1to19B_0to600INT_50RT_10WT.sql,False,NM,normal,none / no fault,w,1,,,248,subtype=DN
NM_DN_w_05DN_30C_1to19B_0to600INT_50RT_10WT.sql,False,NM,normal,none / no fault,w,5,,,120,subtype=DN
NM_DN_w_10DN_30C_1to19B_0to600INT_50RT_10WT.sql,False,NM,normal,none / no fault,w,10,,,228,subtype=DN
NM_DN_w_15DN_30C_1to19B_0to600INT_50RT_10WT.sql,False,NM,normal,none / no fault,w,15,,,250,subtype=DN
NM_DN_w_20DN_30C_1to19B_0to600INT_50RT_10WT.sql,False,NM,normal,none / no fault,w,20,,,247,subtype=DN
NM_DN_w_25DN_30C_1to19B_0to600INT_50RT_10WT.sql,False,NM,normal,none / no fault,w,25,,,245,subtype=DN
NM_DN_w_30DN_30C_1to19B_0to600INT_50RT_10WT.sql,False,NM,normal,none / no fault,w,30,,,261,subtype=DN
NM_DN_w_35DN_30C_1to19B_0to600INT_50RT_10WT.sql,False,NM,normal,none / no fault,w,35,,,239,subtype=DN
NM_DN_w_40DN_30C_1to19B_0to600INT_50RT_10WT.sql,False,NM,normal,none / no fault,w,40,,,252,subtype=DN
NM_DN_w_45DN_30C_1to19B_0to600INT_50RT_10WT.sql,False,NM,normal,none / no fault,w,45,,,259,subtype=DN
NM_DN_w_50DN_30C_1to19B_0to600INT_50RT_10WT.sql,False,NM,normal,none / no fault,w,50,,,251,subtype=DN
